Community_start,0,1,2,3
0,8.76267858782565,13.938747621572267,16.245712444444443,14.495039450895886
1,14.296170056619578,8.54760674927366,11.74219444820837,17.63855053763441
2,16.625710050661873,11.533228466887685,8.698424826155836,15.4939283896275
3,15.120949602471491,17.651246179473866,15.284647711257179,10.218822409758678
